{
  "metadata": {
    "path": "C:\\Users\\marcu\\HaoLine\\integration_output\\test_model.onnx",
    "ir_version": 13,
    "producer_name": "unknown",
    "producer_version": "",
    "domain": "",
    "model_version": 0,
    "doc_string": "",
    "opsets": {
      "ai.onnx": 17
    }
  },
  "generated_at": "2025-12-04T04:38:16.079805Z",
  "autodoc_version": "0.1.0",
  "graph_summary": {
    "num_nodes": 13,
    "num_inputs": 1,
    "num_outputs": 1,
    "num_initializers": 17,
    "input_shapes": {
      "input": [
        1,
        3,
        224,
        224
      ]
    },
    "output_shapes": {
      "output": [
        1,
        1000
      ]
    },
    "op_type_counts": {
      "Conv": 3,
      "BatchNormalization": 3,
      "Relu": 3,
      "MaxPool": 1,
      "GlobalAveragePool": 1,
      "Flatten": 1,
      "Gemm": 1
    }
  },
  "param_counts": {
    "total": 12924840,
    "trainable": 12924840,
    "non_trainable": 0,
    "by_node": {
      "conv1_w": 9408.0,
      "conv2_w": 73728.0,
      "conv3_w": 294912.0,
      "fc_w": 12544000.0,
      "fc_b": 1000.0,
      "bn1_scale": 64.0,
      "bn1_bias": 64.0,
      "bn1_mean": 64.0,
      "bn1_var": 64.0,
      "bn2_scale": 128.0,
      "bn2_bias": 128.0,
      "bn2_mean": 128.0,
      "bn2_var": 128.0,
      "bn3_scale": 256.0,
      "bn3_bias": 256.0,
      "bn3_mean": 256.0,
      "bn3_var": 256.0
    },
    "by_op_type": {
      "Conv": 378048.0,
      "Gemm": 12545000.0,
      "BatchNormalization": 1792.0
    },
    "shared_weights": {},
    "num_shared_weights": 0,
    "precision_breakdown": {
      "fp32": 12924840
    },
    "is_quantized": false,
    "quantized_ops": []
  },
  "flop_counts": {
    "total": 1165288936,
    "by_node": {
      "unnamed_0": 236027904,
      "unnamed_1": 1605632,
      "unnamed_2": 802816,
      "unnamed_3": 200704,
      "unnamed_4": 462422016,
      "unnamed_5": 802816,
      "unnamed_6": 401408,
      "unnamed_7": 462422016,
      "unnamed_8": 401408,
      "unnamed_9": 200704,
      "unnamed_10": 256,
      "unnamed_11": 256,
      "unnamed_12": 1000
    },
    "by_op_type": {
      "Conv": 1160871936,
      "BatchNormalization": 2809856,
      "Relu": 1404928,
      "MaxPool": 200704,
      "GlobalAveragePool": 256,
      "Flatten": 256,
      "Gemm": 1000
    }
  },
  "memory_estimates": {
    "model_size_bytes": 51699360,
    "peak_activation_bytes": 9633792,
    "per_layer_activation_bytes": {
      "input": 602112,
      "output": 4000,
      "conv1_out": 3211264,
      "bn1_out": 3211264,
      "relu1_out": 3211264,
      "pool1_out": 802816,
      "conv2_out": 1605632,
      "bn2_out": 1605632,
      "relu2_out": 1605632,
      "conv3_out": 802816,
      "bn3_out": 802816,
      "relu3_out": 802816,
      "gap_out": 1024,
      "flat_out": 1024
    },
    "kv_cache_bytes_per_token": 0,
    "kv_cache_bytes_full_context": 0,
    "kv_cache_config": {},
    "breakdown": {
      "weights_by_op_type": {
        "Conv": 1512192,
        "Gemm": 50180000,
        "BatchNormalization": 7168
      },
      "largest_weights": [
        "('fc_w', 50176000)",
        "('conv3_w', 1179648)",
        "('conv2_w', 294912)",
        "('conv1_w', 37632)",
        "('fc_b', 4000)",
        "('bn3_scale', 1024)",
        "('bn3_bias', 1024)",
        "('bn3_mean', 1024)",
        "('bn3_var', 1024)",
        "('bn2_scale', 512)"
      ],
      "activations_by_op_type": {
        "Input": 602112,
        "Gemm": 4000,
        "Conv": 5619712,
        "BatchNormalization": 5619712,
        "Relu": 5619712,
        "MaxPool": 802816,
        "GlobalAveragePool": 1024,
        "Flatten": 1024
      },
      "largest_activations": [
        "('conv1_out', 3211264)",
        "('bn1_out', 3211264)",
        "('relu1_out', 3211264)",
        "('conv2_out', 1605632)",
        "('bn2_out', 1605632)",
        "('relu2_out', 1605632)",
        "('pool1_out', 802816)",
        "('conv3_out', 802816)",
        "('bn3_out', 802816)",
        "('relu3_out', 802816)"
      ]
    }
  },
  "detected_blocks": [
    {
      "block_type": "ConvBNRelu",
      "name": "conv_block_0",
      "nodes": [
        "unnamed_0",
        "unnamed_1",
        "unnamed_2"
      ],
      "start_node": "unnamed_0",
      "end_node": "unnamed_2",
      "attributes": {}
    },
    {
      "block_type": "ConvBNRelu",
      "name": "conv_block_1",
      "nodes": [
        "unnamed_4",
        "unnamed_5",
        "unnamed_6"
      ],
      "start_node": "unnamed_4",
      "end_node": "unnamed_6",
      "attributes": {}
    },
    {
      "block_type": "ConvBNRelu",
      "name": "conv_block_2",
      "nodes": [
        "unnamed_7",
        "unnamed_8",
        "unnamed_9"
      ],
      "start_node": "unnamed_7",
      "end_node": "unnamed_9",
      "attributes": {}
    }
  ],
  "architecture_type": "mlp",
  "risk_signals": [],
  "hardware_profile": {
    "name": "NVIDIA RTX 4090",
    "vendor": "nvidia",
    "device_type": "gpu",
    "vram_bytes": 25769803776,
    "memory_bandwidth_bytes_per_s": 1082331758592,
    "peak_fp32_tflops": 82.6,
    "peak_fp16_tflops": 165.0,
    "peak_int8_tops": 660.0,
    "compute_capability": "8.9",
    "tdp_watts": 450,
    "is_detected": false
  },
  "hardware_estimates": {
    "device": "NVIDIA RTX 4090",
    "precision": "fp32",
    "batch_size": 1,
    "vram_required_bytes": 73599782,
    "fits_in_vram": true,
    "theoretical_latency_ms": 0.11410761423728814,
    "compute_utilization_estimate": 0.7,
    "gpu_saturation": 1.4107614237288135e-05,
    "bottleneck": "compute",
    "model_flops": 1165288936,
    "hardware_peak_tflops": 82.6
  },
  "system_requirements": null,
  "batch_size_sweep": null,
  "resolution_sweep": null,
  "llm_summary": null,
  "dataset_info": {
    "task": "classify",
    "num_classes": 1000,
    "class_names": [],
    "source": "output_shape"
  },
  "extra_data": {
    "gpu_metrics": {
      "vram_used_gb": 0.215,
      "vram_total_gb": 6.0,
      "gpu_utilization_percent": 0.0,
      "memory_utilization_percent": 0.0,
      "temperature_c": 49,
      "power_draw_w": 1.498
    }
  }
}