{
  "model_family_id": "resnet50_fp32",
  "baseline_precision": "fp32",
  "architecture_compatible": true,
  "compatibility_warnings": [
    "Variant 2 (int8): block count mismatch for ConvBNRelu (0 vs baseline 33)",
    "Variant 2 (int8): block count mismatch for ConvBN (0 vs baseline 20)",
    "Variant 2 (int8): block count mismatch for ResidualAdd (48 vs baseline 16)"
  ],
  "variants": [
    {
      "precision": "fp32",
      "quantization_scheme": "none",
      "model_path": "C:\\Users\\marcu\\onnxruntime\\tools\\python\\integration_tests\\resnet50_fp32.onnx",
      "size_bytes": 102576593,
      "total_params": 25629032,
      "total_flops": 7718749696,
      "memory_bytes": 102516128,
      "metrics": {
        "latency_ms_p50": 4.49,
        "latency_ms_p95": 6.892,
        "latency_ms_p99": 7.65,
        "latency_ms_mean": 4.755,
        "throughput_qps": 210.3,
        "accuracy": 0.7615,
        "top5_accuracy": 0.9287,
        "f1_macro": 0.7615,
        "dataset": "ImageNet-1K",
        "source": "ONNX Model Zoo / PyTorch Hub"
      },
      "hardware_estimates": null,
      "hardware_profile": null,
      "deltas_vs_baseline": null
    },
    {
      "precision": "fp16",
      "quantization_scheme": "fp16",
      "model_path": "C:\\Users\\marcu\\onnxruntime\\tools\\python\\integration_tests\\resnet50_fp16.onnx",
      "size_bytes": 65028016,
      "total_params": 25629032,
      "total_flops": 7718749696,
      "memory_bytes": 51258064,
      "metrics": {
        "latency_ms_p50": 3.234,
        "latency_ms_p95": 6.679,
        "latency_ms_p99": 7.997,
        "latency_ms_mean": 3.981,
        "throughput_qps": 251.2,
        "accuracy": 0.7612,
        "top5_accuracy": 0.9285,
        "f1_macro": 0.7612,
        "dataset": "ImageNet-1K",
        "source": "ONNX Model Zoo / PyTorch Hub"
      },
      "hardware_estimates": null,
      "hardware_profile": null,
      "deltas_vs_baseline": {
        "size_bytes": -37548577,
        "total_params": 0,
        "total_flops": 0,
        "memory_bytes": -51258064,
        "peak_activation_bytes": 0,
        "latency_ms_p50": -1.2560000000000002,
        "latency_ms_p95": -0.21300000000000008,
        "latency_ms_p99": 0.34699999999999953,
        "latency_ms_mean": -0.774,
        "throughput_qps": 40.89999999999998,
        "accuracy": -0.00029999999999996696,
        "top5_accuracy": -0.00019999999999997797,
        "f1_macro": -0.00029999999999996696
      }
    },
    {
      "precision": "int8",
      "quantization_scheme": "int8",
      "model_path": "C:\\Users\\marcu\\onnxruntime\\tools\\python\\integration_tests\\resnet50_int8.onnx",
      "size_bytes": 26131602,
      "total_params": 25629268,
      "total_flops": 18880,
      "memory_bytes": 26008174,
      "metrics": {
        "latency_ms_p50": 474.216,
        "latency_ms_p95": 621.153,
        "latency_ms_p99": 820.542,
        "latency_ms_mean": 468.935,
        "throughput_qps": 2.1,
        "accuracy": 0.7558,
        "top5_accuracy": 0.9261,
        "f1_macro": 0.7558,
        "dataset": "ImageNet-1K",
        "source": "ONNX Model Zoo / PyTorch Hub"
      },
      "hardware_estimates": null,
      "hardware_profile": null,
      "deltas_vs_baseline": {
        "size_bytes": -76444991,
        "total_params": 236,
        "total_flops": -7718730816,
        "memory_bytes": -76507954,
        "peak_activation_bytes": 0,
        "latency_ms_p50": 469.726,
        "latency_ms_p95": 614.261,
        "latency_ms_p99": 812.892,
        "latency_ms_mean": 464.18,
        "throughput_qps": -208.20000000000002,
        "accuracy": -0.005699999999999927,
        "top5_accuracy": -0.0025999999999999357,
        "f1_macro": -0.005699999999999927
      }
    }
  ]
}