{
  "metadata": {
    "path": "C:\\Users\\marcu\\onnxruntime\\tools\\python\\integration_tests\\resnet18.onnx",
    "ir_version": 3,
    "producer_name": "unknown",
    "producer_version": "",
    "domain": "",
    "model_version": 0,
    "doc_string": "",
    "opsets": {
      "ai.onnx": 8
    }
  },
  "generated_at": "2025-12-04T04:45:03.948946Z",
  "autodoc_version": "0.1.0",
  "graph_summary": {
    "num_nodes": 69,
    "num_inputs": 1,
    "num_outputs": 1,
    "num_initializers": 102,
    "input_shapes": {
      "data": [
        "N",
        3,
        224,
        224
      ]
    },
    "output_shapes": {
      "resnetv15_dense0_fwd": [
        "N",
        1000
      ]
    },
    "op_type_counts": {
      "Conv": 20,
      "BatchNormalization": 20,
      "Relu": 17,
      "MaxPool": 1,
      "Add": 8,
      "GlobalAveragePool": 1,
      "Flatten": 1,
      "Gemm": 1
    }
  },
  "param_counts": {
    "total": 11699112,
    "trainable": 11699112,
    "non_trainable": 0,
    "by_node": {
      "resnetv15_conv0_weight": 9408.0,
      "resnetv15_batchnorm0_gamma": 64.0,
      "resnetv15_batchnorm0_beta": 64.0,
      "resnetv15_batchnorm0_running_mean": 64.0,
      "resnetv15_batchnorm0_running_var": 64.0,
      "resnetv15_stage1_conv0_weight": 36864.0,
      "resnetv15_stage1_batchnorm0_gamma": 64.0,
      "resnetv15_stage1_batchnorm0_beta": 64.0,
      "resnetv15_stage1_batchnorm0_running_mean": 64.0,
      "resnetv15_stage1_batchnorm0_running_var": 64.0,
      "resnetv15_stage1_conv1_weight": 36864.0,
      "resnetv15_stage1_batchnorm1_gamma": 64.0,
      "resnetv15_stage1_batchnorm1_beta": 64.0,
      "resnetv15_stage1_batchnorm1_running_mean": 64.0,
      "resnetv15_stage1_batchnorm1_running_var": 64.0,
      "resnetv15_stage1_conv2_weight": 36864.0,
      "resnetv15_stage1_batchnorm2_gamma": 64.0,
      "resnetv15_stage1_batchnorm2_beta": 64.0,
      "resnetv15_stage1_batchnorm2_running_mean": 64.0,
      "resnetv15_stage1_batchnorm2_running_var": 64.0,
      "resnetv15_stage1_conv3_weight": 36864.0,
      "resnetv15_stage1_batchnorm3_gamma": 64.0,
      "resnetv15_stage1_batchnorm3_beta": 64.0,
      "resnetv15_stage1_batchnorm3_running_mean": 64.0,
      "resnetv15_stage1_batchnorm3_running_var": 64.0,
      "resnetv15_stage2_conv2_weight": 8192.0,
      "resnetv15_stage2_batchnorm2_gamma": 128.0,
      "resnetv15_stage2_batchnorm2_beta": 128.0,
      "resnetv15_stage2_batchnorm2_running_mean": 128.0,
      "resnetv15_stage2_batchnorm2_running_var": 128.0,
      "resnetv15_stage2_conv0_weight": 73728.0,
      "resnetv15_stage2_batchnorm0_gamma": 128.0,
      "resnetv15_stage2_batchnorm0_beta": 128.0,
      "resnetv15_stage2_batchnorm0_running_mean": 128.0,
      "resnetv15_stage2_batchnorm0_running_var": 128.0,
      "resnetv15_stage2_conv1_weight": 147456.0,
      "resnetv15_stage2_batchnorm1_gamma": 128.0,
      "resnetv15_stage2_batchnorm1_beta": 128.0,
      "resnetv15_stage2_batchnorm1_running_mean": 128.0,
      "resnetv15_stage2_batchnorm1_running_var": 128.0,
      "resnetv15_stage2_conv3_weight": 147456.0,
      "resnetv15_stage2_batchnorm3_gamma": 128.0,
      "resnetv15_stage2_batchnorm3_beta": 128.0,
      "resnetv15_stage2_batchnorm3_running_mean": 128.0,
      "resnetv15_stage2_batchnorm3_running_var": 128.0,
      "resnetv15_stage2_conv4_weight": 147456.0,
      "resnetv15_stage2_batchnorm4_gamma": 128.0,
      "resnetv15_stage2_batchnorm4_beta": 128.0,
      "resnetv15_stage2_batchnorm4_running_mean": 128.0,
      "resnetv15_stage2_batchnorm4_running_var": 128.0,
      "resnetv15_stage3_conv2_weight": 32768.0,
      "resnetv15_stage3_batchnorm2_gamma": 256.0,
      "resnetv15_stage3_batchnorm2_beta": 256.0,
      "resnetv15_stage3_batchnorm2_running_mean": 256.0,
      "resnetv15_stage3_batchnorm2_running_var": 256.0,
      "resnetv15_stage3_conv0_weight": 294912.0,
      "resnetv15_stage3_batchnorm0_gamma": 256.0,
      "resnetv15_stage3_batchnorm0_beta": 256.0,
      "resnetv15_stage3_batchnorm0_running_mean": 256.0,
      "resnetv15_stage3_batchnorm0_running_var": 256.0,
      "resnetv15_stage3_conv1_weight": 589824.0,
      "resnetv15_stage3_batchnorm1_gamma": 256.0,
      "resnetv15_stage3_batchnorm1_beta": 256.0,
      "resnetv15_stage3_batchnorm1_running_mean": 256.0,
      "resnetv15_stage3_batchnorm1_running_var": 256.0,
      "resnetv15_stage3_conv3_weight": 589824.0,
      "resnetv15_stage3_batchnorm3_gamma": 256.0,
      "resnetv15_stage3_batchnorm3_beta": 256.0,
      "resnetv15_stage3_batchnorm3_running_mean": 256.0,
      "resnetv15_stage3_batchnorm3_running_var": 256.0,
      "resnetv15_stage3_conv4_weight": 589824.0,
      "resnetv15_stage3_batchnorm4_gamma": 256.0,
      "resnetv15_stage3_batchnorm4_beta": 256.0,
      "resnetv15_stage3_batchnorm4_running_mean": 256.0,
      "resnetv15_stage3_batchnorm4_running_var": 256.0,
      "resnetv15_stage4_conv2_weight": 131072.0,
      "resnetv15_stage4_batchnorm2_gamma": 512.0,
      "resnetv15_stage4_batchnorm2_beta": 512.0,
      "resnetv15_stage4_batchnorm2_running_mean": 512.0,
      "resnetv15_stage4_batchnorm2_running_var": 512.0,
      "resnetv15_stage4_conv0_weight": 1179648.0,
      "resnetv15_stage4_batchnorm0_gamma": 512.0,
      "resnetv15_stage4_batchnorm0_beta": 512.0,
      "resnetv15_stage4_batchnorm0_running_mean": 512.0,
      "resnetv15_stage4_batchnorm0_running_var": 512.0,
      "resnetv15_stage4_conv1_weight": 2359296.0,
      "resnetv15_stage4_batchnorm1_gamma": 512.0,
      "resnetv15_stage4_batchnorm1_beta": 512.0,
      "resnetv15_stage4_batchnorm1_running_mean": 512.0,
      "resnetv15_stage4_batchnorm1_running_var": 512.0,
      "resnetv15_stage4_conv3_weight": 2359296.0,
      "resnetv15_stage4_batchnorm3_gamma": 512.0,
      "resnetv15_stage4_batchnorm3_beta": 512.0,
      "resnetv15_stage4_batchnorm3_running_mean": 512.0,
      "resnetv15_stage4_batchnorm3_running_var": 512.0,
      "resnetv15_stage4_conv4_weight": 2359296.0,
      "resnetv15_stage4_batchnorm4_gamma": 512.0,
      "resnetv15_stage4_batchnorm4_beta": 512.0,
      "resnetv15_stage4_batchnorm4_running_mean": 512.0,
      "resnetv15_stage4_batchnorm4_running_var": 512.0,
      "resnetv15_dense0_weight": 512000.0,
      "resnetv15_dense0_bias": 1000.0
    },
    "by_op_type": {
      "Conv": 11166912.0,
      "BatchNormalization": 19200.0,
      "Gemm": 513000.0
    },
    "shared_weights": {},
    "num_shared_weights": 0,
    "precision_breakdown": {
      "fp32": 11699112
    },
    "is_quantized": false,
    "quantized_ops": []
  },
  "flop_counts": {
    "total": 3627122688,
    "by_node": {
      "resnetv15_conv0_fwd": 236027904,
      "resnetv15_batchnorm0_fwd": 0,
      "resnetv15_relu0_fwd": 0,
      "resnetv15_pool0_fwd": 0,
      "resnetv15_stage1_conv0_fwd": 231211008,
      "resnetv15_stage1_batchnorm0_fwd": 0,
      "resnetv15_stage1_relu0_fwd": 0,
      "resnetv15_stage1_conv1_fwd": 231211008,
      "resnetv15_stage1_batchnorm1_fwd": 0,
      "resnetv15_stage1__plus0": 0,
      "resnetv15_stage1_activation0": 0,
      "resnetv15_stage1_conv2_fwd": 231211008,
      "resnetv15_stage1_batchnorm2_fwd": 0,
      "resnetv15_stage1_relu1_fwd": 0,
      "resnetv15_stage1_conv3_fwd": 231211008,
      "resnetv15_stage1_batchnorm3_fwd": 0,
      "resnetv15_stage1__plus1": 0,
      "resnetv15_stage1_activation1": 0,
      "resnetv15_stage2_conv2_fwd": 12845056,
      "resnetv15_stage2_batchnorm2_fwd": 0,
      "resnetv15_stage2_conv0_fwd": 115605504,
      "resnetv15_stage2_batchnorm0_fwd": 0,
      "resnetv15_stage2_relu0_fwd": 0,
      "resnetv15_stage2_conv1_fwd": 231211008,
      "resnetv15_stage2_batchnorm1_fwd": 0,
      "resnetv15_stage2__plus0": 0,
      "resnetv15_stage2_activation0": 0,
      "resnetv15_stage2_conv3_fwd": 231211008,
      "resnetv15_stage2_batchnorm3_fwd": 0,
      "resnetv15_stage2_relu1_fwd": 0,
      "resnetv15_stage2_conv4_fwd": 231211008,
      "resnetv15_stage2_batchnorm4_fwd": 0,
      "resnetv15_stage2__plus1": 0,
      "resnetv15_stage2_activation1": 0,
      "resnetv15_stage3_conv2_fwd": 12845056,
      "resnetv15_stage3_batchnorm2_fwd": 0,
      "resnetv15_stage3_conv0_fwd": 115605504,
      "resnetv15_stage3_batchnorm0_fwd": 0,
      "resnetv15_stage3_relu0_fwd": 0,
      "resnetv15_stage3_conv1_fwd": 231211008,
      "resnetv15_stage3_batchnorm1_fwd": 0,
      "resnetv15_stage3__plus0": 0,
      "resnetv15_stage3_activation0": 0,
      "resnetv15_stage3_conv3_fwd": 231211008,
      "resnetv15_stage3_batchnorm3_fwd": 0,
      "resnetv15_stage3_relu1_fwd": 0,
      "resnetv15_stage3_conv4_fwd": 231211008,
      "resnetv15_stage3_batchnorm4_fwd": 0,
      "resnetv15_stage3__plus1": 0,
      "resnetv15_stage3_activation1": 0,
      "resnetv15_stage4_conv2_fwd": 12845056,
      "resnetv15_stage4_batchnorm2_fwd": 0,
      "resnetv15_stage4_conv0_fwd": 115605504,
      "resnetv15_stage4_batchnorm0_fwd": 0,
      "resnetv15_stage4_relu0_fwd": 0,
      "resnetv15_stage4_conv1_fwd": 231211008,
      "resnetv15_stage4_batchnorm1_fwd": 0,
      "resnetv15_stage4__plus0": 0,
      "resnetv15_stage4_activation0": 0,
      "resnetv15_stage4_conv3_fwd": 231211008,
      "resnetv15_stage4_batchnorm3_fwd": 0,
      "resnetv15_stage4_relu1_fwd": 0,
      "resnetv15_stage4_conv4_fwd": 231211008,
      "resnetv15_stage4_batchnorm4_fwd": 0,
      "resnetv15_stage4__plus1": 0,
      "resnetv15_stage4_activation1": 0,
      "resnetv15_pool1_fwd": 0,
      "flatten_170": 0,
      "resnetv15_dense0_fwd": 0
    },
    "by_op_type": {
      "Conv": 3627122688,
      "BatchNormalization": 0,
      "Relu": 0,
      "MaxPool": 0,
      "Add": 0,
      "GlobalAveragePool": 0,
      "Flatten": 0,
      "Gemm": 0
    }
  },
  "memory_estimates": {
    "model_size_bytes": 46796448,
    "peak_activation_bytes": 9633792,
    "per_layer_activation_bytes": {
      "data": 602112,
      "resnetv15_dense0_fwd": 4000,
      "resnetv15_conv0_fwd": 3211264,
      "resnetv15_batchnorm0_fwd": 3211264,
      "resnetv15_relu0_fwd": 3211264,
      "resnetv15_pool0_fwd": 802816,
      "resnetv15_stage1_conv0_fwd": 802816,
      "resnetv15_stage1_batchnorm0_fwd": 802816,
      "resnetv15_stage1_relu0_fwd": 802816,
      "resnetv15_stage1_conv1_fwd": 802816,
      "resnetv15_stage1_batchnorm1_fwd": 802816,
      "resnetv15_stage1__plus0": 802816,
      "resnetv15_stage1_activation0": 802816,
      "resnetv15_stage1_conv2_fwd": 802816,
      "resnetv15_stage1_batchnorm2_fwd": 802816,
      "resnetv15_stage1_relu1_fwd": 802816,
      "resnetv15_stage1_conv3_fwd": 802816,
      "resnetv15_stage1_batchnorm3_fwd": 802816,
      "resnetv15_stage1__plus1": 802816,
      "resnetv15_stage1_activation1": 802816,
      "resnetv15_stage2_conv2_fwd": 401408,
      "resnetv15_stage2_batchnorm2_fwd": 401408,
      "resnetv15_stage2_conv0_fwd": 401408,
      "resnetv15_stage2_batchnorm0_fwd": 401408,
      "resnetv15_stage2_relu0_fwd": 401408,
      "resnetv15_stage2_conv1_fwd": 401408,
      "resnetv15_stage2_batchnorm1_fwd": 401408,
      "resnetv15_stage2__plus0": 401408,
      "resnetv15_stage2_activation0": 401408,
      "resnetv15_stage2_conv3_fwd": 401408,
      "resnetv15_stage2_batchnorm3_fwd": 401408,
      "resnetv15_stage2_relu1_fwd": 401408,
      "resnetv15_stage2_conv4_fwd": 401408,
      "resnetv15_stage2_batchnorm4_fwd": 401408,
      "resnetv15_stage2__plus1": 401408,
      "resnetv15_stage2_activation1": 401408,
      "resnetv15_stage3_conv2_fwd": 200704,
      "resnetv15_stage3_batchnorm2_fwd": 200704,
      "resnetv15_stage3_conv0_fwd": 200704,
      "resnetv15_stage3_batchnorm0_fwd": 200704,
      "resnetv15_stage3_relu0_fwd": 200704,
      "resnetv15_stage3_conv1_fwd": 200704,
      "resnetv15_stage3_batchnorm1_fwd": 200704,
      "resnetv15_stage3__plus0": 200704,
      "resnetv15_stage3_activation0": 200704,
      "resnetv15_stage3_conv3_fwd": 200704,
      "resnetv15_stage3_batchnorm3_fwd": 200704,
      "resnetv15_stage3_relu1_fwd": 200704,
      "resnetv15_stage3_conv4_fwd": 200704,
      "resnetv15_stage3_batchnorm4_fwd": 200704,
      "resnetv15_stage3__plus1": 200704,
      "resnetv15_stage3_activation1": 200704,
      "resnetv15_stage4_conv2_fwd": 100352,
      "resnetv15_stage4_batchnorm2_fwd": 100352,
      "resnetv15_stage4_conv0_fwd": 100352,
      "resnetv15_stage4_batchnorm0_fwd": 100352,
      "resnetv15_stage4_relu0_fwd": 100352,
      "resnetv15_stage4_conv1_fwd": 100352,
      "resnetv15_stage4_batchnorm1_fwd": 100352,
      "resnetv15_stage4__plus0": 100352,
      "resnetv15_stage4_activation0": 100352,
      "resnetv15_stage4_conv3_fwd": 100352,
      "resnetv15_stage4_batchnorm3_fwd": 100352,
      "resnetv15_stage4_relu1_fwd": 100352,
      "resnetv15_stage4_conv4_fwd": 100352,
      "resnetv15_stage4_batchnorm4_fwd": 100352,
      "resnetv15_stage4__plus1": 100352,
      "resnetv15_stage4_activation1": 100352,
      "resnetv15_pool1_fwd": 2048,
      "flatten_170": 2048
    },
    "kv_cache_bytes_per_token": 0,
    "kv_cache_bytes_full_context": 0,
    "kv_cache_config": {},
    "breakdown": {
      "weights_by_op_type": {
        "Conv": 44667648,
        "BatchNormalization": 76800,
        "Gemm": 2052000
      },
      "largest_weights": [
        "('resnetv15_stage4_conv1_weight', 9437184)",
        "('resnetv15_stage4_conv3_weight', 9437184)",
        "('resnetv15_stage4_conv4_weight', 9437184)",
        "('resnetv15_stage4_conv0_weight', 4718592)",
        "('resnetv15_stage3_conv1_weight', 2359296)",
        "('resnetv15_stage3_conv3_weight', 2359296)",
        "('resnetv15_stage3_conv4_weight', 2359296)",
        "('resnetv15_dense0_weight', 2048000)",
        "('resnetv15_stage3_conv0_weight', 1179648)",
        "('resnetv15_stage2_conv1_weight', 589824)"
      ],
      "activations_by_op_type": {
        "Input": 602112,
        "Gemm": 4000,
        "Conv": 9934848,
        "BatchNormalization": 9934848,
        "Relu": 9232384,
        "MaxPool": 802816,
        "Add": 3010560,
        "GlobalAveragePool": 2048,
        "Flatten": 2048
      },
      "largest_activations": [
        "('resnetv15_conv0_fwd', 3211264)",
        "('resnetv15_batchnorm0_fwd', 3211264)",
        "('resnetv15_relu0_fwd', 3211264)",
        "('resnetv15_pool0_fwd', 802816)",
        "('resnetv15_stage1_conv0_fwd', 802816)",
        "('resnetv15_stage1_batchnorm0_fwd', 802816)",
        "('resnetv15_stage1_relu0_fwd', 802816)",
        "('resnetv15_stage1_conv1_fwd', 802816)",
        "('resnetv15_stage1_batchnorm1_fwd', 802816)",
        "('resnetv15_stage1__plus0', 802816)"
      ]
    }
  },
  "detected_blocks": [
    {
      "block_type": "ConvBNRelu",
      "name": "conv_block_0",
      "nodes": [
        "resnetv15_conv0_fwd",
        "resnetv15_batchnorm0_fwd",
        "resnetv15_relu0_fwd"
      ],
      "start_node": "resnetv15_conv0_fwd",
      "end_node": "resnetv15_relu0_fwd",
      "attributes": {}
    },
    {
      "block_type": "ConvBNRelu",
      "name": "conv_block_1",
      "nodes": [
        "resnetv15_stage1_conv0_fwd",
        "resnetv15_stage1_batchnorm0_fwd",
        "resnetv15_stage1_relu0_fwd"
      ],
      "start_node": "resnetv15_stage1_conv0_fwd",
      "end_node": "resnetv15_stage1_relu0_fwd",
      "attributes": {}
    },
    {
      "block_type": "ConvBN",
      "name": "conv_block_2",
      "nodes": [
        "resnetv15_stage1_conv1_fwd",
        "resnetv15_stage1_batchnorm1_fwd"
      ],
      "start_node": "resnetv15_stage1_conv1_fwd",
      "end_node": "resnetv15_stage1_batchnorm1_fwd",
      "attributes": {}
    },
    {
      "block_type": "ConvBNRelu",
      "name": "conv_block_3",
      "nodes": [
        "resnetv15_stage1_conv2_fwd",
        "resnetv15_stage1_batchnorm2_fwd",
        "resnetv15_stage1_relu1_fwd"
      ],
      "start_node": "resnetv15_stage1_conv2_fwd",
      "end_node": "resnetv15_stage1_relu1_fwd",
      "attributes": {}
    },
    {
      "block_type": "ConvBN",
      "name": "conv_block_4",
      "nodes": [
        "resnetv15_stage1_conv3_fwd",
        "resnetv15_stage1_batchnorm3_fwd"
      ],
      "start_node": "resnetv15_stage1_conv3_fwd",
      "end_node": "resnetv15_stage1_batchnorm3_fwd",
      "attributes": {}
    },
    {
      "block_type": "ConvBN",
      "name": "conv_block_5",
      "nodes": [
        "resnetv15_stage2_conv2_fwd",
        "resnetv15_stage2_batchnorm2_fwd"
      ],
      "start_node": "resnetv15_stage2_conv2_fwd",
      "end_node": "resnetv15_stage2_batchnorm2_fwd",
      "attributes": {}
    },
    {
      "block_type": "ConvBNRelu",
      "name": "conv_block_6",
      "nodes": [
        "resnetv15_stage2_conv0_fwd",
        "resnetv15_stage2_batchnorm0_fwd",
        "resnetv15_stage2_relu0_fwd"
      ],
      "start_node": "resnetv15_stage2_conv0_fwd",
      "end_node": "resnetv15_stage2_relu0_fwd",
      "attributes": {}
    },
    {
      "block_type": "ConvBN",
      "name": "conv_block_7",
      "nodes": [
        "resnetv15_stage2_conv1_fwd",
        "resnetv15_stage2_batchnorm1_fwd"
      ],
      "start_node": "resnetv15_stage2_conv1_fwd",
      "end_node": "resnetv15_stage2_batchnorm1_fwd",
      "attributes": {}
    },
    {
      "block_type": "ConvBNRelu",
      "name": "conv_block_8",
      "nodes": [
        "resnetv15_stage2_conv3_fwd",
        "resnetv15_stage2_batchnorm3_fwd",
        "resnetv15_stage2_relu1_fwd"
      ],
      "start_node": "resnetv15_stage2_conv3_fwd",
      "end_node": "resnetv15_stage2_relu1_fwd",
      "attributes": {}
    },
    {
      "block_type": "ConvBN",
      "name": "conv_block_9",
      "nodes": [
        "resnetv15_stage2_conv4_fwd",
        "resnetv15_stage2_batchnorm4_fwd"
      ],
      "start_node": "resnetv15_stage2_conv4_fwd",
      "end_node": "resnetv15_stage2_batchnorm4_fwd",
      "attributes": {}
    },
    {
      "block_type": "ConvBN",
      "name": "conv_block_10",
      "nodes": [
        "resnetv15_stage3_conv2_fwd",
        "resnetv15_stage3_batchnorm2_fwd"
      ],
      "start_node": "resnetv15_stage3_conv2_fwd",
      "end_node": "resnetv15_stage3_batchnorm2_fwd",
      "attributes": {}
    },
    {
      "block_type": "ConvBNRelu",
      "name": "conv_block_11",
      "nodes": [
        "resnetv15_stage3_conv0_fwd",
        "resnetv15_stage3_batchnorm0_fwd",
        "resnetv15_stage3_relu0_fwd"
      ],
      "start_node": "resnetv15_stage3_conv0_fwd",
      "end_node": "resnetv15_stage3_relu0_fwd",
      "attributes": {}
    },
    {
      "block_type": "ConvBN",
      "name": "conv_block_12",
      "nodes": [
        "resnetv15_stage3_conv1_fwd",
        "resnetv15_stage3_batchnorm1_fwd"
      ],
      "start_node": "resnetv15_stage3_conv1_fwd",
      "end_node": "resnetv15_stage3_batchnorm1_fwd",
      "attributes": {}
    },
    {
      "block_type": "ConvBNRelu",
      "name": "conv_block_13",
      "nodes": [
        "resnetv15_stage3_conv3_fwd",
        "resnetv15_stage3_batchnorm3_fwd",
        "resnetv15_stage3_relu1_fwd"
      ],
      "start_node": "resnetv15_stage3_conv3_fwd",
      "end_node": "resnetv15_stage3_relu1_fwd",
      "attributes": {}
    },
    {
      "block_type": "ConvBN",
      "name": "conv_block_14",
      "nodes": [
        "resnetv15_stage3_conv4_fwd",
        "resnetv15_stage3_batchnorm4_fwd"
      ],
      "start_node": "resnetv15_stage3_conv4_fwd",
      "end_node": "resnetv15_stage3_batchnorm4_fwd",
      "attributes": {}
    },
    {
      "block_type": "ConvBN",
      "name": "conv_block_15",
      "nodes": [
        "resnetv15_stage4_conv2_fwd",
        "resnetv15_stage4_batchnorm2_fwd"
      ],
      "start_node": "resnetv15_stage4_conv2_fwd",
      "end_node": "resnetv15_stage4_batchnorm2_fwd",
      "attributes": {}
    },
    {
      "block_type": "ConvBNRelu",
      "name": "conv_block_16",
      "nodes": [
        "resnetv15_stage4_conv0_fwd",
        "resnetv15_stage4_batchnorm0_fwd",
        "resnetv15_stage4_relu0_fwd"
      ],
      "start_node": "resnetv15_stage4_conv0_fwd",
      "end_node": "resnetv15_stage4_relu0_fwd",
      "attributes": {}
    },
    {
      "block_type": "ConvBN",
      "name": "conv_block_17",
      "nodes": [
        "resnetv15_stage4_conv1_fwd",
        "resnetv15_stage4_batchnorm1_fwd"
      ],
      "start_node": "resnetv15_stage4_conv1_fwd",
      "end_node": "resnetv15_stage4_batchnorm1_fwd",
      "attributes": {}
    },
    {
      "block_type": "ConvBNRelu",
      "name": "conv_block_18",
      "nodes": [
        "resnetv15_stage4_conv3_fwd",
        "resnetv15_stage4_batchnorm3_fwd",
        "resnetv15_stage4_relu1_fwd"
      ],
      "start_node": "resnetv15_stage4_conv3_fwd",
      "end_node": "resnetv15_stage4_relu1_fwd",
      "attributes": {}
    },
    {
      "block_type": "ConvBN",
      "name": "conv_block_19",
      "nodes": [
        "resnetv15_stage4_conv4_fwd",
        "resnetv15_stage4_batchnorm4_fwd"
      ],
      "start_node": "resnetv15_stage4_conv4_fwd",
      "end_node": "resnetv15_stage4_batchnorm4_fwd",
      "attributes": {}
    },
    {
      "block_type": "ResidualAdd",
      "name": "residual_0",
      "nodes": [
        "resnetv15_stage1__plus0"
      ],
      "start_node": "resnetv15_stage1__plus0",
      "end_node": "resnetv15_stage1__plus0",
      "attributes": {
        "inputs": [
          "resnetv15_pool0_fwd",
          "resnetv15_stage1_batchnorm1_fwd"
        ],
        "variant": "standard"
      }
    },
    {
      "block_type": "ResidualAdd",
      "name": "residual_1",
      "nodes": [
        "resnetv15_stage1__plus1"
      ],
      "start_node": "resnetv15_stage1__plus1",
      "end_node": "resnetv15_stage1__plus1",
      "attributes": {
        "inputs": [
          "resnetv15_stage1_activation0",
          "resnetv15_stage1_batchnorm3_fwd"
        ],
        "variant": "standard"
      }
    },
    {
      "block_type": "ResidualAdd",
      "name": "residual_2",
      "nodes": [
        "resnetv15_stage2__plus0"
      ],
      "start_node": "resnetv15_stage2__plus0",
      "end_node": "resnetv15_stage2__plus0",
      "attributes": {
        "inputs": [
          "resnetv15_stage2_batchnorm2_fwd",
          "resnetv15_stage2_batchnorm1_fwd"
        ],
        "variant": "standard"
      }
    },
    {
      "block_type": "ResidualAdd",
      "name": "residual_3",
      "nodes": [
        "resnetv15_stage2__plus1"
      ],
      "start_node": "resnetv15_stage2__plus1",
      "end_node": "resnetv15_stage2__plus1",
      "attributes": {
        "inputs": [
          "resnetv15_stage2_activation0",
          "resnetv15_stage2_batchnorm4_fwd"
        ],
        "variant": "standard"
      }
    },
    {
      "block_type": "ResidualAdd",
      "name": "residual_4",
      "nodes": [
        "resnetv15_stage3__plus0"
      ],
      "start_node": "resnetv15_stage3__plus0",
      "end_node": "resnetv15_stage3__plus0",
      "attributes": {
        "inputs": [
          "resnetv15_stage3_batchnorm2_fwd",
          "resnetv15_stage3_batchnorm1_fwd"
        ],
        "variant": "standard"
      }
    },
    {
      "block_type": "ResidualAdd",
      "name": "residual_5",
      "nodes": [
        "resnetv15_stage3__plus1"
      ],
      "start_node": "resnetv15_stage3__plus1",
      "end_node": "resnetv15_stage3__plus1",
      "attributes": {
        "inputs": [
          "resnetv15_stage3_activation0",
          "resnetv15_stage3_batchnorm4_fwd"
        ],
        "variant": "standard"
      }
    },
    {
      "block_type": "ResidualAdd",
      "name": "residual_6",
      "nodes": [
        "resnetv15_stage4__plus0"
      ],
      "start_node": "resnetv15_stage4__plus0",
      "end_node": "resnetv15_stage4__plus0",
      "attributes": {
        "inputs": [
          "resnetv15_stage4_batchnorm2_fwd",
          "resnetv15_stage4_batchnorm1_fwd"
        ],
        "variant": "standard"
      }
    },
    {
      "block_type": "ResidualAdd",
      "name": "residual_7",
      "nodes": [
        "resnetv15_stage4__plus1"
      ],
      "start_node": "resnetv15_stage4__plus1",
      "end_node": "resnetv15_stage4__plus1",
      "attributes": {
        "inputs": [
          "resnetv15_stage4_activation0",
          "resnetv15_stage4_batchnorm4_fwd"
        ],
        "variant": "standard"
      }
    },
    {
      "block_type": "RepeatedBlock",
      "name": "repeated_ConvBNRelu",
      "nodes": [],
      "start_node": "resnetv15_conv0_fwd",
      "end_node": "resnetv15_stage4_relu1_fwd",
      "attributes": {
        "repeated_type": "ConvBNRelu",
        "num_repetitions": 9,
        "block_names": [
          "conv_block_0",
          "conv_block_1",
          "conv_block_3",
          "conv_block_6",
          "conv_block_8",
          "conv_block_11",
          "conv_block_13",
          "conv_block_16",
          "conv_block_18"
        ]
      }
    },
    {
      "block_type": "RepeatedBlock",
      "name": "repeated_ConvBN",
      "nodes": [],
      "start_node": "resnetv15_stage1_conv1_fwd",
      "end_node": "resnetv15_stage4_batchnorm4_fwd",
      "attributes": {
        "repeated_type": "ConvBN",
        "num_repetitions": 11,
        "block_names": [
          "conv_block_2",
          "conv_block_4",
          "conv_block_5",
          "conv_block_7",
          "conv_block_9",
          "conv_block_10",
          "conv_block_12",
          "conv_block_14",
          "conv_block_15",
          "conv_block_17",
          "conv_block_19"
        ]
      }
    },
    {
      "block_type": "RepeatedBlock",
      "name": "repeated_ResidualAdd",
      "nodes": [],
      "start_node": "resnetv15_stage1__plus0",
      "end_node": "resnetv15_stage4__plus1",
      "attributes": {
        "repeated_type": "ResidualAdd",
        "num_repetitions": 8,
        "block_names": [
          "residual_0",
          "residual_1",
          "residual_2",
          "residual_3",
          "residual_4",
          "residual_5",
          "residual_6",
          "residual_7"
        ]
      }
    }
  ],
  "architecture_type": "cnn",
  "risk_signals": [
    {
      "id": "dynamic_input_shapes",
      "severity": "info",
      "description": "Model has 1 input(s) with dynamic/symbolic dimensions: data. This is normal for variable-length sequences but may affect optimization.",
      "nodes": [],
      "recommendation": "For best performance with hardware accelerators, consider providing fixed shapes or using onnxruntime.tools.make_dynamic_shape_fixed."
    }
  ],
  "hardware_profile": {
    "name": "NVIDIA RTX 4090",
    "vendor": "nvidia",
    "device_type": "gpu",
    "vram_bytes": 25769803776,
    "memory_bandwidth_bytes_per_s": 1082331758592,
    "peak_fp32_tflops": 82.6,
    "peak_fp16_tflops": 165.0,
    "peak_int8_tops": 660.0,
    "compute_capability": "8.9",
    "tdp_watts": 450,
    "is_detected": false
  },
  "hardware_estimates": {
    "device": "NVIDIA RTX 4090",
    "precision": "fp32",
    "batch_size": 1,
    "vram_required_bytes": 67716288,
    "fits_in_vram": true,
    "theoretical_latency_ms": 0.14391189694915255,
    "compute_utilization_estimate": 0.7,
    "gpu_saturation": 4.3911896949152545e-05,
    "bottleneck": "compute",
    "model_flops": 3627122688,
    "hardware_peak_tflops": 82.6
  },
  "system_requirements": null,
  "batch_size_sweep": null,
  "resolution_sweep": null,
  "llm_summary": null,
  "dataset_info": {
    "task": "classify",
    "num_classes": 1000,
    "class_names": [],
    "source": "output_shape"
  },
  "extra_data": {
    "gpu_metrics": {
      "vram_used_gb": 0.238,
      "vram_total_gb": 6.0,
      "gpu_utilization_percent": 0.0,
      "memory_utilization_percent": 0.0,
      "temperature_c": 51,
      "power_draw_w": 1.312
    },
    "profiling": {
      "total_time_ms": 2.167,
      "layer_count": 637,
      "slowest_layers": [
        {
          "name": "resnetv15_conv0_fwd_kernel_time",
          "op_type": "Conv",
          "duration_ms": 214.866,
          "provider": "CUDAExecutionProvider",
          "input_shapes": [],
          "output_shapes": []
        },
        {
          "name": "resnetv15_dense0_fwd_kernel_time",
          "op_type": "Gemm",
          "duration_ms": 64.145,
          "provider": "CUDAExecutionProvider",
          "input_shapes": [],
          "output_shapes": []
        },
        {
          "name": "resnetv15_stage1_conv0_fwd_kernel_time",
          "op_type": "Conv",
          "duration_ms": 21.836,
          "provider": "CUDAExecutionProvider",
          "input_shapes": [],
          "output_shapes": []
        },
        {
          "name": "resnetv15_pool0_fwd_kernel_time",
          "op_type": "MaxPool",
          "duration_ms": 18.56,
          "provider": "CUDAExecutionProvider",
          "input_shapes": [],
          "output_shapes": []
        },
        {
          "name": "resnetv15_stage2_conv0_fwd_kernel_time",
          "op_type": "Conv",
          "duration_ms": 11.078,
          "provider": "CUDAExecutionProvider",
          "input_shapes": [],
          "output_shapes": []
        },
        {
          "name": "resnetv15_stage1__plus0_kernel_time",
          "op_type": "Add",
          "duration_ms": 5.266,
          "provider": "CUDAExecutionProvider",
          "input_shapes": [],
          "output_shapes": []
        },
        {
          "name": "resnetv15_relu0_fwd_kernel_time",
          "op_type": "Relu",
          "duration_ms": 2.826,
          "provider": "CUDAExecutionProvider",
          "input_shapes": [],
          "output_shapes": []
        },
        {
          "name": "resnetv15_stage4_conv0_fwd_kernel_time",
          "op_type": "Conv",
          "duration_ms": 2.659,
          "provider": "CUDAExecutionProvider",
          "input_shapes": [],
          "output_shapes": []
        },
        {
          "name": "resnetv15_stage4_conv1_fwd_kernel_time",
          "op_type": "Conv",
          "duration_ms": 1.466,
          "provider": "CUDAExecutionProvider",
          "input_shapes": [],
          "output_shapes": []
        },
        {
          "name": "resnetv15_stage2_conv2_fwd_kernel_time",
          "op_type": "Conv",
          "duration_ms": 1.435,
          "provider": "CUDAExecutionProvider",
          "input_shapes": [],
          "output_shapes": []
        }
      ],
      "time_by_op_type": {
        "Conv": 280.055,
        "Gemm": 64.714,
        "MaxPool": 18.841,
        "Add": 7.313,
        "Relu": 6.775,
        "GlobalAveragePool": 0.663,
        "Flatten": 0.106
      },
      "gpu_metrics": {
        "vram_used_gb": 0.463,
        "vram_total_gb": 6.0,
        "gpu_utilization_percent": 0.0,
        "memory_utilization_percent": 0.0,
        "temperature_c": 51,
        "power_draw_w": 2.377
      }
    },
    "bottleneck_analysis": {
      "bottleneck_type": "compute-bound",
      "compute_time_ms": 2.154,
      "memory_time_ms": 0.013,
      "compute_ratio": 0.99,
      "memory_ratio": 0.01,
      "theoretical_peak_tflops": 82.6,
      "achieved_tflops": 1.6736,
      "efficiency_percent": 2.0,
      "recommendations": [
        "Use INT8/FP16 quantization to reduce compute requirements",
        "Consider model pruning to reduce FLOP count",
        "Use Tensor Cores (if available) for matrix operations",
        "Increase batch size to improve GPU utilization",
        "GPU utilization is low (2%). Check for CPU bottlenecks or data loading issues.",
        "Very low GPU efficiency. Consider using TensorRT or ONNX Runtime optimization passes."
      ]
    },
    "resolution_benchmark": {
      "resolutions": [
        "128x128",
        "224x224",
        "256x256",
        "384x384",
        "512x512",
        "640x640"
      ],
      "flops": [
        1306122448,
        4000000000,
        5224489795,
        11755102040,
        20897959183,
        32653061224
      ],
      "memory_gb": [
        0.0006,
        0.0006,
        0.0006,
        0.0006,
        0.0006,
        0.0006
      ],
      "latencies": [
        2.11,
        2.14,
        2.23,
        2.44,
        1.91,
        1.75
      ],
      "throughputs": [
        474.1,
        466.4,
        448.1,
        410.2,
        524.7,
        570.1
      ],
      "vram_usage_gb": [
        0.461,
        0.461,
        0.461,
        0.461,
        0.461,
        0.461
      ],
      "optimal_resolution": "640x640",
      "max_resolution": "640x640"
    }
  }
}